peptide,30.0,60.0,180.0,600.0,1800.0,3600.0,7200.0
LQALAQNNTETSEKIQASGILQ,13.06,21.83,41.81,48.45,75.42,90.56,98.89
FASLLTPQSSCKAKVANIIA,9.7,15.81,30.85,49.68,70.07,92.11,101.95
FASLLTPQSSCKAKVANIIAE,8.96,14.93,29.14,48.9,66.03,88.99,96.4
LTPQSSCKAKVANIIAEVAKNEF,14.05,18.55,37.04,52.75,76.94,95.95,99.87
MRIPCVDAGLISPLVQL,7.64,12.17,27.62,44.8,66.68,89.22,97.55
DSHEGRSAVDQAGGAQ,9.07,16.47,29.32,47.64,66.29,90.74,98.09
MRIPCVDAGLISPLVQLLNSKDQE,18.02,25.72,39.34,50.42,73.26,97.8,102.28
LNSKDQEVL,10.37,18.15,42.2,53.75,84.91,101.16,102.48
LQTGRALGNICY,24.56,42.32,63.64,78.21,85.96,105.77,106.08
IVIDHLRSLCS,17.83,26.1,42.24,52.34,75.05,97.74,101.14
IVIDHLRSLCSITDPANEKLLTVF,19.09,26.99,43.53,52.95,75.65,98.44,101.61
ITDPANEKLLTVF,20.97,30.01,40.78,52.32,76.35,99.89,101.68
MNYSNENDSLQAQL,12.27,17.83,26.46,44.26,58.89,83.59,98.24
GVIPTLVKLLGIHCQNAAL,9.39,13.13,21.52,40.22,51.49,75.42,89.23
GVIPTLVKLLGIHCQNAALTE,18.32,25.32,33.28,47.66,65.6,86.76,94.8
VKLLGIHCQNAAL,18.82,27.73,40.15,43.53,66.79,83.04,84.1
VAFGNLAELESSKEQF,31.29,45.48,55.22,54.98,82.07,101.39,103.32
AELESSKEQFASTNIAEE,31.14,45.74,54.61,54.58,82.7,101.21,104.36
ESSKEQFASTNIAEE,15.75,22.66,37.43,52.88,68.1,91.68,93.02
LVKLFKKQIEHDKREMIF,18.03,25.97,40.56,57.5,73.45,100.33,102.04
LVKLFKKQIEHDKREMIFE,16.3,23.66,37.95,55.38,71.28,96.54,99.38
VKLFKKQIEHDKREMIF,9.96,14.46,23.43,44.23,48.05,73.8,92.05
APLAENDAIKLQLVEAGL,33.16,44.3,66.1,77.03,108.58,137.36,142.94
LEIVQQKVDSDKEDDITE,22.17,31.33,50.11,58.23,83,101.08,100.67
LEIVQQKVDSDKEDDITELKTGSD,21.15,31.44,49.45,58.62,82.25,103.1,103.13
LEIVQQKVDSDKEDDITELKTGSDL,21.57,30.97,48.52,56.79,80.22,99.11,98.22
EIVQQKVDSDKEDDITELKTGSDL,22.29,33.1,50.8,59.48,84.94,104.08,104.14
IVQQKVDSDKEDDITELKTGSDL,20.42,29.58,41.84,52.7,75.36,96.07,97.4
VLLLLGDESMQKLFEGGKGSVF,28.94,33.69,51.71,64.52,83.29,104.09,110.27
LLLGDESMQKLFEGGKGSVF,13.41,20.3,36.77,51.83,75.68,97.9,101.9
QRVLSWIPSNNHQLQLAGAL,14.26,21.87,38.47,54.01,78.59,100.99,104.85
QRVLSWIPSNNHQLQLAGALA,25.16,35.03,50.82,56.31,82.95,101.9,100.78
AIANFARNDANC,20.95,29.86,39.89,51.23,64.32,86.21,93.58
ARNDANCIHMVDNGIVEKL,28.63,42.26,57.4,58.6,80.97,94.1,90.91
MDLLDRHVEDGNVTVQHAALSA,20.24,29.93,49.54,57.32,92.59,103.07,102.84
SALRNLAIPVINKAKMLSAGVTE,20.06,29.99,48.95,57.88,91.68,102.17,103.49
AVLKFLKSEMPPVQFKLLGTLRM,14.3,20.82,38.34,55.71,83.59,98.94,102.6
LIDAQAEAAEQLGKNVKL,10.93,15.2,32.42,53.28,70.8,84.58,91.48
LIDAQAEAAEQLGKNVKLVERLVE,29.74,44.71,59.18,58.99,88.05,104.83,100.4
WCEAKDHAGVMGESNRLLSA,23.95,34.98,62.1,57.73,96.42,106.83,103.45
LIRHSKSKDVIKTIVQSGGIKHLVT,24.12,34.49,50.59,61.96,97.84,104.49,105.45
IRHSKSKDVIKTIVQSGGIKHLVT,24.13,33.93,48.3,57.83,82.87,99.09,102.53
MATSEHVIMQNEALVA,15.43,27.01,38.05,52.38,69.5,87.84,98.54
HVIMQNEALVA,27.85,39.66,57.32,57,86.21,95.79,98.72
IAALELGTAEKDLESAKL,31.03,43.14,55.49,56.52,88.53,98.4,99.6
LELGTAEKDLESAKL,19.56,29.01,42.88,53.92,66.68,85.44,89.88
VQILHRLLADERSAPEIKYNSMVL,18.95,26.91,38.81,55.77,62.26,88.33,91.51
ICALMGSECLHKEVQDLAF,16.55,22.04,34.66,51.92,61.03,83.21,89.48
ICALMGSECLHKEVQDLAFL,19.17,27.36,39.46,57.11,67.16,94.1,99.83
ALMGSECLHKEVQDLAF,17.29,22.68,35.93,50.71,64.71,87.05,90.86
MGSECLHKEVQDLAF,28.76,41.66,58.54,59.57,83.54,99.96,101.16
LDVVSKLRSHENKSVAQQASL,27.14,40.76,60.02,61.77,92.8,101.03,100.98
DVVSKLRSHENKSVAQQASLTEQRL,24.67,39.34,55.46,60.9,91.5,99.47,98.86